Transaction Identificator,Amount,Currency Code,Transaction Date,Status
49790139,146.75,DOP,04/05/2024 14:36:44,Approved
13363958,419.19,GMD,04/05/2024 00:23:00,Failed
24820569,417.30,KPW,04/05/2024 03:25:12,Approved
19178798,313.42,BHD,04/05/2024 00:12:46,Failed
88880802,169.83,AZN,03/05/2024 19:45:11,Failed
05469451,691.88,GBP,04/05/2024 09:15:22,Finished
67840076,988.87,PEN,03/05/2024 22:52:21,Approved
24721044,908.60,BHD,04/05/2024 09:46:54,Finished
21150069,211.63,VES,04/05/2024 10:27:19,Approved
45055619,589.31,ETB,04/05/2024 00:02:03,Finished
15496445,49.95,SGD,04/05/2024 03:58:01,Finished
61579058,903.41,MKD,04/05/2024 13:31:44,Approved
18833516,927.51,HUF,04/05/2024 08:28:55,Failed
76718666,750.94,HTG,04/05/2024 08:27:17,Finished
23874890,663.44,LBP,04/05/2024 01:54:28,Finished
17904359,408.14,BTN,04/05/2024 11:08:23,Finished
97530761,326.64,MVR,04/05/2024 04:10:45,Finished
87349764,15.82,EUR,03/05/2024 18:31:19,Finished
65901417,932.60,COP,04/05/2024 00:06:17,Approved
02757290,711.53,LYD,04/05/2024 13:50:45,Finished
03010521,860.03,GBP,04/05/2024 03:53:47,Finished
59821220,585.76,MRU,03/05/2024 17:33:30,Approved
53088227,807.11,NGN,04/05/2024 07:31:11,Approved
87745413,59.91,BZD,04/05/2024 13:54:58,Finished
09172670,559.72,PAB,04/05/2024 16:31:37,Finished
02935220,252.32,BZD,03/05/2024 22:58:36,Finished
19539087,239.85,GEL,04/05/2024 04:58:41,Finished
69881706,70.02,ARS,04/05/2024 05:09:22,Finished
67543591,579.75,BYN,04/05/2024 07:42:18,Failed
52796421,66.33,SGD,04/05/2024 07:56:47,Finished
60207103,260.31,BHD,03/05/2024 21:30:52,Finished
19655896,263.29,GNF,04/05/2024 15:14:43,Failed
75779196,13.95,JPY,04/05/2024 11:12:13,Failed
67939952,915.61,AFN,04/05/2024 01:25:51,Finished
32416054,926.19,SYP,03/05/2024 18:46:44,Approved
36901310,135.08,PYG,04/05/2024 04:41:33,Finished
04998304,176.19,BMD,04/05/2024 08:51:32,Failed
18853293,582.01,UYU,03/05/2024 19:44:12,Finished
80994453,798.61,MUR,04/05/2024 09:58:16,Finished
49530952,433.68,EGP,03/05/2024 21:27:07,Finished
32885511,787.93,MWK,04/05/2024 02:08:23,Finished
00406395,0.40,TWD,03/05/2024 17:23:11,Finished
32906182,574.71,JOD,04/05/2024 01:45:17,Approved
26567080,755.08,SRD,04/05/2024 00:04:30,Finished
80326443,382.10,DOP,04/05/2024 06:58:08,Finished
45316541,973.81,JOD,04/05/2024 00:33:41,Failed
12403270,880.00,WST,03/05/2024 19:08:11,Finished
65202285,527.71,TTD,03/05/2024 21:34:36,Finished
50705470,568.86,BAM,04/05/2024 05:39:05,Finished
36073702,982.82,ARS,04/05/2024 12:28:11,Approved
88806651,160.97,MAD,04/05/2024 05:37:24,Finished
34285831,916.31,MKD,03/05/2024 18:59:50,Approved
22141443,728.59,AFN,04/05/2024 11:49:54,Failed
26804166,233.66,GNF,04/05/2024 14:22:52,Finished
57421266,544.01,CAD,04/05/2024 01:07:45,Failed
19712058,785.30,RUB,04/05/2024 16:17:33,Approved
33808350,866.61,NOK,03/05/2024 18:02:00,Finished
86830067,703.52,SEK,04/05/2024 02:10:58,Approved
77057973,259.70,GMD,04/05/2024 10:39:31,Finished
66377546,782.75,AUD,03/05/2024 17:03:26,Approved
39139554,974.75,YER,04/05/2024 01:33:00,Finished
99565814,355.70,UGX,04/05/2024 16:11:57,Failed
15790337,862.35,SYP,04/05/2024 00:12:15,Approved
64184552,989.76,KZT,04/05/2024 11:56:05,Approved
22267942,56.93,UAH,04/05/2024 04:37:27,Approved
27732402,593.43,BGN,03/05/2024 20:34:35,Finished
35775952,959.44,SBD,03/05/2024 21:32:00,Approved
05714390,221.43,LKR,04/05/2024 10:25:07,Failed
04431860,802.97,INR,04/05/2024 00:06:19,Approved
77398248,824.01,PEN,04/05/2024 01:47:33,Finished
17060605,458.58,MUR,04/05/2024 14:06:29,Approved
09793378,452.40,NAD,04/05/2024 06:01:35,Failed
46408947,904.69,ZWL,04/05/2024 15:56:20,Failed
70176606,538.63,BMD,04/05/2024 16:45:21,Approved
97987597,145.55,BBD,04/05/2024 13:02:34,Failed
18669598,711.12,SCR,03/05/2024 23:15:55,Approved
99452614,119.45,UGX,03/05/2024 21:19:33,Finished
18268532,982.42,ZMW,04/05/2024 10:25:45,Finished
55379139,433.59,ARS,04/05/2024 04:32:00,Finished
98037486,27.28,BYN,04/05/2024 04:17:57,Approved
38885562,452.85,UAH,04/05/2024 01:44:57,Approved
23085238,517.27,TND,03/05/2024 18:50:05,Failed
41293098,936.87,MUR,03/05/2024 20:33:53,Approved
96210423,314.37,BZD,04/05/2024 12:38:02,Finished
61498114,701.88,CAD,04/05/2024 11:03:35,Finished
54330220,664.10,BWP,04/05/2024 04:53:40,Finished
51155991,816.84,KMF,04/05/2024 02:33:49,Finished
93975607,93.57,COP,04/05/2024 15:15:34,Finished
48339619,972.79,JOD,03/05/2024 22:24:33,Finished
81666043,13.13,LSL,04/05/2024 08:21:23,Finished
42754446,137.66,GNF,04/05/2024 16:34:01,Finished
73399124,338.71,NPR,04/05/2024 04:15:18,Finished
72481130,504.52,PYG,04/05/2024 00:39:22,Finished
73130859,809.99,KMF,04/05/2024 16:31:33,Finished
66674591,644.36,SYP,04/05/2024 16:42:09,Finished
43858664,673.70,SZL,04/05/2024 02:56:40,Finished
24586532,855.83,AFN,04/05/2024 12:08:51,Finished
72267245,807.70,BTN,04/05/2024 08:20:37,Finished
28743970,744.48,CDF,04/05/2024 11:30:53,Finished
25121437,26.62,CNY,04/05/2024 14:09:58,Finished
66760126,207.62,MYR,03/05/2024 18:48:45,Failed
75503484,435.31,NIO,03/05/2024 18:39:56,Finished
70401397,159.83,ISK,04/05/2024 11:57:57,Finished
45441373,188.74,AUD,04/05/2024 01:22:30,Approved
79286879,638.22,GIP,04/05/2024 02:29:51,Finished
20739049,782.18,HKD,04/05/2024 15:28:51,Finished
87143031,80.10,BBD,03/05/2024 19:07:03,Finished
37544512,206.45,RUB,04/05/2024 14:59:59,Finished
55263918,787.55,MYR,04/05/2024 14:16:13,Finished
97195609,787.12,BAM,04/05/2024 12:16:40,Failed
55731254,216.61,MMK,03/05/2024 22:36:28,Finished
78128909,860.24,GYD,04/05/2024 03:24:53,Failed
46727799,278.08,JOD,04/05/2024 16:44:14,Finished
92827855,706.96,AOA,03/05/2024 22:05:45,Finished
34717765,401.86,FJD,04/05/2024 00:05:35,Finished
07738725,120.76,BHD,04/05/2024 11:32:30,Approved
39815122,138.35,BOB,04/05/2024 09:51:54,Failed
69304440,828.14,MXN,04/05/2024 06:35:46,Failed
33622349,314.76,ISK,04/05/2024 01:47:02,Failed
85447441,656.23,XOF,04/05/2024 13:39:51,Finished
41916879,504.70,XAF,04/05/2024 04:52:30,Approved
84065899,517.86,BGN,04/05/2024 12:09:40,Finished
87297559,948.84,TRY,04/05/2024 01:50:40,Failed
81069500,322.13,KGS,03/05/2024 18:07:15,Finished
00808445,255.74,TTD,03/05/2024 21:33:50,Failed
45189783,491.55,DZD,03/05/2024 20:16:04,Failed
46603355,189.55,USD,03/05/2024 17:40:08,Finished
22151107,715.95,BZD,04/05/2024 03:16:50,Finished
70527960,777.85,GEL,04/05/2024 07:04:22,Finished
66113319,408.64,VND,04/05/2024 11:02:04,Finished
45903194,636.31,MAD,04/05/2024 07:49:34,Approved
82642377,432.94,AED,04/05/2024 08:14:53,Failed
30602285,295.29,BGN,04/05/2024 03:46:10,Finished
40838819,585.35,EGP,03/05/2024 19:16:18,Failed
45942469,682.46,IQD,04/05/2024 11:21:05,Finished
02449235,779.75,SGD,04/05/2024 12:38:05,Finished
37157164,688.50,SDG,04/05/2024 10:44:49,Finished
64254531,355.31,NZD,04/05/2024 15:26:41,Finished
61736561,169.94,MNT,04/05/2024 13:14:30,Finished
51871949,428.93,HKD,04/05/2024 04:53:37,Failed
16382885,800.34,PHP,04/05/2024 06:35:21,Approved
60175521,859.65,TTD,04/05/2024 00:42:36,Finished
67104099,948.30,MZN,04/05/2024 01:20:47,Finished
14655549,428.04,PAB,04/05/2024 02:26:46,Finished
83745493,64.74,LAK,03/05/2024 17:02:11,Finished
01194711,623.67,MWK,04/05/2024 15:40:35,Finished
26067260,378.58,BHD,04/05/2024 12:18:42,Finished
79307745,525.67,LBP,04/05/2024 16:08:40,Finished
60302049,382.47,BYN,04/05/2024 05:33:13,Failed
94377659,889.13,PHP,04/05/2024 08:18:34,Finished
24950990,556.41,AZN,04/05/2024 07:47:44,Finished
99075608,571.18,AED,04/05/2024 12:29:50,Approved
63918648,708.46,HTG,03/05/2024 22:10:09,Finished
44521337,142.22,KPW,03/05/2024 23:22:59,Finished
43468758,409.09,AED,04/05/2024 10:22:30,Approved
07480823,503.51,KGS,03/05/2024 17:38:46,Approved
12614077,143.60,LSL,04/05/2024 14:49:53,Finished
31771173,290.30,MZN,04/05/2024 11:37:23,Failed
03323963,70.91,MWK,04/05/2024 13:09:57,Approved
03146748,321.02,LYD,04/05/2024 03:26:19,Approved
92896995,39.72,SDG,04/05/2024 15:08:25,Failed
42389347,539.65,KWD,03/05/2024 19:20:32,Approved
40812223,328.36,SCR,04/05/2024 03:41:13,Approved
24681900,870.20,BIF,04/05/2024 11:08:37,Finished
33515703,874.13,AZN,03/05/2024 18:00:05,Failed
83245735,554.67,EGP,03/05/2024 17:26:34,Finished
34693970,325.81,KYD,03/05/2024 19:28:22,Finished
74714526,41.47,XOF,04/05/2024 09:06:16,Approved
05686246,767.79,CDF,04/05/2024 03:57:51,Approved
07101637,52.31,SZL,04/05/2024 02:18:20,Approved
57614688,454.06,UAH,04/05/2024 16:27:31,Approved
82688290,50.91,KHR,04/05/2024 11:11:12,Failed
00448205,473.11,ISK,04/05/2024 13:48:55,Finished
75810343,239.41,IRR,03/05/2024 17:58:09,Finished
99699730,897.85,ISK,04/05/2024 06:23:53,Finished
28966205,870.43,PKR,03/05/2024 23:59:43,Failed
64702462,814.62,PYG,04/05/2024 15:31:47,Failed
17856658,248.29,MDL,04/05/2024 09:44:47,Finished
83470580,203.38,GHS,03/05/2024 20:59:57,Failed
86405350,624.82,LRD,03/05/2024 20:18:27,Finished
27845316,227.00,OMR,04/05/2024 02:31:30,Failed
28131488,602.18,TWD,03/05/2024 17:42:11,Finished
36545565,59.17,GEL,03/05/2024 22:49:15,Finished
95521676,7.31,KES,04/05/2024 08:57:01,Approved
91568960,822.58,SBD,03/05/2024 19:43:15,Approved
39107045,126.73,XAF,04/05/2024 02:40:22,Finished
02287606,303.34,TRY,04/05/2024 16:18:55,Finished
94502592,507.12,TRY,04/05/2024 05:54:57,Failed
59243938,244.45,BGN,04/05/2024 02:47:58,Finished
61049874,806.17,BRL,03/05/2024 22:47:21,Approved
04464662,448.74,HNL,03/05/2024 23:55:30,Finished
65666219,760.81,BWP,03/05/2024 22:05:00,Failed
96271637,320.56,MGA,03/05/2024 21:15:25,Failed
63744004,115.03,XPF,04/05/2024 07:52:00,Finished
19835666,491.11,CUP,04/05/2024 14:42:44,Finished
22451304,729.40,TWD,03/05/2024 23:25:50,Finished
35814787,657.07,KGS,04/05/2024 02:53:01,Finished
23598034,870.95,TZS,03/05/2024 19:01:07,Finished
37658804,878.59,TOP,04/05/2024 12:14:54,Finished
84613410,635.37,UGX,03/05/2024 20:28:54,Finished
88639958,197.83,UAH,04/05/2024 06:31:28,Finished
38973698,518.80,SYP,04/05/2024 12:41:37,Finished
04381964,413.92,EUR,03/05/2024 17:02:48,Finished
99113140,560.95,KGS,03/05/2024 22:05:59,Finished
45432196,22.27,PKR,03/05/2024 21:07:18,Failed
14693295,122.77,FJD,04/05/2024 12:19:36,Finished
82503100,227.60,GYD,04/05/2024 13:20:19,Approved
27818772,470.50,BOB,03/05/2024 20:58:38,Finished
44322299,386.99,SOS,04/05/2024 04:59:57,Finished
20853321,717.60,KMF,04/05/2024 12:14:51,Finished
11867652,242.89,HKD,04/05/2024 01:52:14,Finished
68350289,459.96,JPY,03/05/2024 22:29:44,Failed
28594131,126.71,LAK,04/05/2024 10:57:57,Failed
00357162,672.41,NAD,04/05/2024 16:37:38,Finished
69502510,184.98,HTG,03/05/2024 20:33:59,Failed
90943374,546.46,NIO,03/05/2024 21:14:02,Failed
43587210,537.01,BWP,04/05/2024 08:02:41,Approved
65923139,790.64,XOF,04/05/2024 01:20:48,Finished
36624013,450.64,PEN,04/05/2024 08:48:08,Finished
25956254,746.66,LKR,04/05/2024 03:49:16,Failed
73978816,263.14,XAF,04/05/2024 15:06:35,Finished
93266407,210.77,LSL,04/05/2024 04:45:38,Approved
19355430,555.90,GYD,04/05/2024 03:56:46,Failed
36666461,561.49,AUD,04/05/2024 08:14:04,Failed
66975695,441.01,NOK,03/05/2024 23:04:40,Finished
01705109,277.20,ETB,04/05/2024 03:59:33,Finished
77055784,649.58,SLE,03/05/2024 18:28:26,Finished
07259379,599.74,JPY,03/05/2024 20:50:14,Finished
86979812,70.54,ZAR,04/05/2024 15:03:54,Approved
01920283,685.17,WST,04/05/2024 05:07:37,Approved
32342095,725.64,SSP,04/05/2024 16:12:22,Finished
40260688,771.01,JOD,04/05/2024 08:54:53,Finished
78303198,976.92,RON,04/05/2024 04:15:47,Approved
93885433,710.36,MUR,04/05/2024 05:53:35,Finished
67957736,88.99,ZWL,04/05/2024 12:23:26,Finished
57498295,177.86,HUF,03/05/2024 20:11:13,Finished
98990502,5.79,UZS,04/05/2024 09:19:27,Approved
04213896,476.95,CNY,04/05/2024 10:09:02,Failed
54691474,851.95,STN,03/05/2024 20:34:00,Finished
88394319,225.80,BHD,03/05/2024 17:31:01,Failed
24968596,156.15,SHP,03/05/2024 19:42:55,Approved
63253914,444.35,BSD,04/05/2024 14:49:04,Finished
11156754,873.33,TTD,04/05/2024 10:57:26,Approved
64025681,984.13,SOS,04/05/2024 16:35:29,Approved
22210809,490.20,BGN,04/05/2024 15:44:12,Approved
23662223,590.55,LBP,04/05/2024 07:41:44,Approved
74456033,287.04,GBP,04/05/2024 13:37:53,Finished
92869818,933.16,HTG,03/05/2024 18:22:14,Failed
24285917,442.10,NGN,04/05/2024 12:22:51,Approved
92459769,484.32,PYG,03/05/2024 17:36:14,Approved
11616949,59.35,VUV,04/05/2024 05:00:11,Finished
41802939,240.17,NAD,04/05/2024 00:21:14,Failed
90138126,57.97,XOF,04/05/2024 13:29:48,Failed
95832596,849.93,IRR,04/05/2024 06:23:48,Finished
48651800,265.51,SCR,04/05/2024 16:27:28,Finished
64523370,145.78,HTG,04/05/2024 10:57:04,Finished
20170383,88.18,OMR,04/05/2024 00:25:10,Finished
11085794,860.46,WST,04/05/2024 08:42:20,Finished
03808487,669.65,CRC,03/05/2024 21:26:31,Failed
83485851,691.99,KYD,04/05/2024 00:26:19,Finished
50855181,281.84,BTN,04/05/2024 12:32:40,Finished
94742850,955.27,GMD,04/05/2024 14:53:25,Finished
04632671,568.15,KWD,04/05/2024 00:50:24,Finished
18066549,87.25,LYD,04/05/2024 07:55:22,Failed
65118892,961.58,XOF,03/05/2024 23:18:23,Finished
46732632,605.90,AED,04/05/2024 02:33:08,Finished
89297596,1.03,TZS,04/05/2024 05:24:08,Failed
61871487,364.36,TWD,03/05/2024 19:24:50,Failed
07049966,417.63,SAR,04/05/2024 12:46:02,Approved
61063438,607.44,TND,04/05/2024 01:12:31,Failed
80966657,398.71,INR,03/05/2024 17:37:48,Failed
13883354,682.07,MNT,04/05/2024 11:09:11,Approved
17557269,118.97,AFN,03/05/2024 19:12:39,Failed
42905608,202.46,PAB,03/05/2024 20:19:37,Finished
73803558,650.40,NZD,04/05/2024 02:33:56,Finished
23472989,986.68,WST,04/05/2024 15:13:50,Finished
74336420,651.01,DKK,04/05/2024 07:55:15,Finished
26969565,214.46,EUR,03/05/2024 18:16:57,Approved
70742588,240.09,BHD,04/05/2024 01:40:11,Approved
72723974,902.94,GMD,04/05/2024 02:43:49,Approved
06151116,126.43,TND,03/05/2024 22:08:57,Finished
06298196,605.42,HUF,03/05/2024 17:23:56,Finished
02983973,810.63,LYD,03/05/2024 20:11:19,Finished
40982499,619.12,MGA,03/05/2024 17:10:40,Failed
05735548,259.22,UAH,04/05/2024 08:59:04,Finished
26277752,83.19,TRY,03/05/2024 22:10:51,Finished
55795532,986.25,INR,04/05/2024 16:09:02,Approved
94983227,619.21,ZWL,04/05/2024 12:33:25,Failed
89212493,902.92,YER,04/05/2024 03:58:46,Finished
86349644,294.81,JMD,04/05/2024 15:49:50,Finished
97457663,723.10,DOP,04/05/2024 15:36:06,Approved
99945495,280.95,TND,04/05/2024 02:22:37,Finished
34623788,69.78,KZT,04/05/2024 15:49:24,Approved
05103397,110.79,COP,04/05/2024 01:17:14,Failed
51311224,43.82,KWD,03/05/2024 23:42:45,Finished
60437611,938.72,PKR,03/05/2024 20:29:08,Finished
69374949,935.29,OMR,03/05/2024 20:06:08,Approved
41598495,639.19,RON,03/05/2024 22:51:50,Failed
30928051,867.63,TJS,03/05/2024 20:25:54,Finished
85195790,770.83,YER,04/05/2024 06:43:53,Failed
96233991,808.72,NPR,03/05/2024 19:13:13,Finished
03332922,738.00,STN,03/05/2024 23:27:02,Finished
46325852,550.58,LAK,04/05/2024 02:03:25,Finished
31732563,960.40,CVE,04/05/2024 16:44:35,Finished
79185664,242.94,DZD,03/05/2024 18:53:47,Failed
67207415,555.23,SOS,04/05/2024 14:32:58,Finished
52296372,524.19,DOP,04/05/2024 01:02:53,Approved
81846045,407.95,PGK,03/05/2024 19:50:05,Finished
70155392,150.69,IQD,03/05/2024 20:32:10,Approved
85410111,922.64,IDR,04/05/2024 15:46:07,Approved
31631390,155.97,ISK,04/05/2024 03:52:34,Approved
68214042,766.87,TND,04/05/2024 01:36:21,Failed
48684153,658.57,EUR,04/05/2024 12:28:47,Approved
73689529,466.27,SYP,03/05/2024 19:19:59,Finished
67794566,946.06,PHP,04/05/2024 12:01:26,Finished
83910027,117.37,MOP,03/05/2024 22:24:37,Finished
06943596,188.57,LAK,04/05/2024 06:14:51,Finished
89554752,573.89,MMK,04/05/2024 06:15:39,Failed
15151809,558.68,MVR,03/05/2024 20:29:00,Approved
37024363,425.40,NPR,03/05/2024 21:22:16,Finished
99857141,682.70,DKK,04/05/2024 16:30:23,Finished
98159382,800.14,MAD,04/05/2024 10:22:26,Failed
28478343,935.42,JPY,04/05/2024 08:21:51,Finished
62956701,463.56,MMK,04/05/2024 08:47:40,Finished
53211567,681.36,EGP,03/05/2024 20:01:02,Failed
12738664,204.92,THB,04/05/2024 10:33:15,Approved
40554646,839.84,AED,03/05/2024 19:56:46,Failed
84805695,606.55,HTG,04/05/2024 02:20:01,Failed
38680619,130.24,THB,04/05/2024 01:06:13,Finished
11350727,964.23,CDF,04/05/2024 04:36:33,Finished
16589889,392.06,BZD,04/05/2024 10:00:56,Finished
75262004,864.15,AZN,04/05/2024 06:04:44,Finished
55797146,184.12,EGP,03/05/2024 20:56:20,Approved
07935685,608.57,GBP,04/05/2024 10:47:19,Failed
25509818,509.90,TJS,04/05/2024 08:34:39,Finished
79864521,67.09,XAF,04/05/2024 12:03:39,Failed
22518312,958.19,UZS,04/05/2024 00:25:57,Approved
79994350,679.21,AED,04/05/2024 04:31:10,Approved
23132274,640.78,SAR,03/05/2024 21:35:48,Approved
59266131,29.52,AWG,03/05/2024 19:08:55,Finished
44417791,72.51,JOD,04/05/2024 12:41:01,Failed
37294687,853.98,GIP,04/05/2024 02:31:43,Finished
28197528,539.49,PEN,03/05/2024 22:50:45,Finished
22190511,851.44,NIO,04/05/2024 14:19:01,Approved
28096922,413.59,PLN,04/05/2024 13:29:06,Failed
33434244,102.75,MKD,03/05/2024 22:17:12,Finished
10442532,672.42,HTG,04/05/2024 04:24:06,Failed
10463973,226.09,BTN,03/05/2024 20:32:56,Finished
50562610,471.82,NOK,03/05/2024 17:15:53,Failed
12268369,278.76,FJD,04/05/2024 09:16:37,Finished
45667989,681.11,BDT,04/05/2024 11:08:27,Approved
90783935,881.17,PLN,04/05/2024 13:48:09,Finished
69298239,733.37,ZMW,04/05/2024 12:12:37,Finished
45893815,648.98,KGS,03/05/2024 22:44:55,Finished
29459282,707.19,ERN,04/05/2024 02:38:49,Finished
82920932,561.41,DJF,03/05/2024 23:12:52,Finished
04322441,497.98,PHP,04/05/2024 00:59:17,Failed
41615942,4.97,IDR,04/05/2024 12:09:36,Finished
36115064,500.09,BHD,04/05/2024 09:07:41,Failed
65170979,443.50,AMD,04/05/2024 00:04:49,Failed
19053463,102.81,PKR,04/05/2024 12:07:42,Finished
43697212,624.62,ISK,04/05/2024 07:31:54,Finished
68245519,18.68,CLP,04/05/2024 05:08:30,Failed
17645172,392.96,GTQ,03/05/2024 17:04:54,Finished
59407655,362.46,IDR,04/05/2024 05:05:12,Failed
19360346,274.47,SZL,04/05/2024 04:11:14,Finished
06562251,732.77,TRY,04/05/2024 06:15:37,Failed
60239823,940.83,CZK,04/05/2024 11:36:54,Approved
42857578,440.44,FJD,03/05/2024 22:43:42,Approved
99455700,390.77,BND,04/05/2024 05:36:53,Finished
87147959,606.54,KGS,04/05/2024 16:06:49,Finished
19230262,870.26,PKR,04/05/2024 03:42:04,Finished
53623433,574.94,WST,03/05/2024 21:24:26,Approved
22367332,47.61,PKR,04/05/2024 13:04:33,Failed
10446284,902.54,ARS,04/05/2024 09:27:24,Approved
77253020,413.69,RON,04/05/2024 11:40:31,Finished
30149154,923.10,GYD,03/05/2024 22:55:14,Finished
48756738,521.66,TMT,03/05/2024 23:43:59,Failed
35072475,930.00,KPW,04/05/2024 01:49:14,Finished
18745470,858.62,AMD,03/05/2024 18:05:15,Finished
67807975,858.79,BSD,03/05/2024 18:40:35,Finished
94390286,538.93,NPR,04/05/2024 03:49:07,Finished
80058609,693.20,PLN,04/05/2024 02:43:44,Finished
69382354,885.83,COP,04/05/2024 03:15:41,Finished
65459575,354.90,PGK,04/05/2024 01:08:37,Approved
59822813,191.27,CZK,04/05/2024 07:32:21,Finished
82296460,408.05,JPY,04/05/2024 15:37:13,Failed
71233836,663.60,LYD,04/05/2024 14:45:23,Failed
57099951,384.11,LSL,04/05/2024 13:18:23,Finished
66963971,287.50,AZN,03/05/2024 17:51:19,Failed
79689229,923.62,ALL,04/05/2024 00:33:16,Finished
71518166,146.61,TTD,04/05/2024 02:07:46,Finished
28931628,47.65,DKK,04/05/2024 06:05:12,Finished
57539937,447.53,GNF,03/05/2024 20:23:56,Finished
55682845,620.95,PEN,04/05/2024 13:37:37,Failed
01194807,626.21,RWF,04/05/2024 14:29:11,Approved
24421729,21.07,SSP,03/05/2024 17:11:15,Finished
61360030,452.56,NIO,03/05/2024 18:29:04,Approved
21666218,505.76,MZN,03/05/2024 21:57:09,Approved
05680902,59.52,IRR,04/05/2024 05:16:29,Finished
92460381,519.30,BBD,04/05/2024 09:10:26,Failed
95982620,588.91,CAD,03/05/2024 20:36:29,Finished
36551210,761.34,XAF,04/05/2024 13:13:34,Approved
29600507,287.52,JMD,04/05/2024 08:44:58,Approved
37810734,638.28,UAH,04/05/2024 13:23:46,Failed
80611625,745.50,CLP,04/05/2024 07:08:48,Finished
48821998,42.63,AOA,04/05/2024 14:26:30,Approved
20814461,174.32,AMD,04/05/2024 12:49:37,Finished
59774987,660.41,JMD,04/05/2024 10:51:01,Failed
23357093,861.91,LSL,04/05/2024 10:32:59,Finished
40665237,101.42,DZD,03/05/2024 23:44:05,Approved
04888976,486.42,BWP,04/05/2024 00:02:56,Failed
37717011,317.82,MDL,04/05/2024 08:34:22,Approved
30510862,201.63,MXN,04/05/2024 06:50:00,Finished
49373418,68.13,LRD,04/05/2024 03:35:54,Finished
56112329,830.75,ZWL,04/05/2024 13:08:46,Finished
52503635,959.12,UGX,04/05/2024 03:32:54,Failed
67446363,145.17,MKD,04/05/2024 08:47:46,Failed
44103528,847.51,SDG,04/05/2024 08:37:59,Finished
23456506,180.73,KES,04/05/2024 00:09:54,Finished
73688219,703.55,BZD,03/05/2024 18:48:52,Failed
15225135,690.64,GBP,04/05/2024 15:26:48,Finished
19729495,901.07,NPR,04/05/2024 13:45:45,Approved
18045481,531.79,MXN,03/05/2024 22:04:02,Failed
11831805,421.49,SRD,04/05/2024 03:30:21,Approved
99002110,390.44,YER,04/05/2024 09:53:32,Finished
56359674,861.01,PKR,04/05/2024 13:43:13,Failed
52298406,105.74,GHS,04/05/2024 07:48:11,Approved
45260412,317.94,LAK,03/05/2024 18:00:34,Finished
29782804,16.05,ARS,04/05/2024 13:09:48,Finished
45797233,479.14,IQD,03/05/2024 21:17:27,Failed
82360001,737.81,VUV,04/05/2024 10:17:07,Approved
47128950,527.16,BBD,04/05/2024 09:54:52,Finished
54002332,283.95,THB,04/05/2024 14:45:56,Failed
54789440,593.75,TTD,04/05/2024 09:50:52,Finished
13177478,179.35,SDG,04/05/2024 06:54:11,Failed
57117069,615.22,PAB,03/05/2024 23:59:58,Finished
93518640,654.47,IDR,03/05/2024 18:37:20,Approved
65376537,322.36,RUB,04/05/2024 02:11:01,Failed
19409233,188.96,XCD,04/05/2024 05:34:35,Failed
85818002,267.04,PLN,03/05/2024 16:49:54,Approved
15467913,662.41,DOP,04/05/2024 05:06:52,Approved
19891168,740.83,KES,04/05/2024 03:19:28,Approved
66123558,395.46,LRD,04/05/2024 00:53:38,Failed
87169630,943.13,USD,04/05/2024 02:00:41,Approved
77545137,129.36,BGN,04/05/2024 07:37:00,Finished
28092715,875.53,PKR,04/05/2024 14:52:43,Finished
14739621,21.30,KWD,03/05/2024 17:46:35,Finished
63324158,373.87,GMD,03/05/2024 19:50:27,Finished
79913899,479.10,MNT,04/05/2024 01:24:46,Finished
71833945,817.28,MXN,03/05/2024 23:36:26,Failed
92961526,715.99,DKK,03/05/2024 22:53:29,Failed
63812337,494.65,BND,04/05/2024 09:16:04,Finished
53622743,992.99,SHP,04/05/2024 09:02:55,Failed
04805902,890.31,NAD,04/05/2024 07:07:12,Finished
91490622,350.26,FKP,03/05/2024 22:48:40,Failed
12468259,103.15,BOB,04/05/2024 16:14:23,Approved
79927676,675.45,XAF,03/05/2024 21:44:11,Approved
02226388,674.61,NOK,04/05/2024 12:35:52,Approved
92960015,275.19,GTQ,03/05/2024 23:06:24,Failed
86581846,137.86,OMR,03/05/2024 18:48:40,Finished
78554704,318.67,GEL,04/05/2024 13:55:59,Failed
73512726,260.40,KHR,04/05/2024 09:24:56,Finished
39266204,328.11,AED,03/05/2024 22:56:29,Finished
96802629,190.33,BWP,03/05/2024 19:38:55,Finished
29762808,733.45,VES,03/05/2024 23:23:59,Finished
07359513,86.67,HUF,04/05/2024 02:33:29,Finished
95155464,171.83,XAF,04/05/2024 16:33:29,Approved
89012961,285.78,ALL,04/05/2024 16:35:43,Failed
57321193,164.97,LSL,03/05/2024 23:22:29,Failed
82881923,18.36,HTG,03/05/2024 18:28:29,Failed
87521217,576.96,BSD,04/05/2024 10:47:19,Finished
34141744,509.87,CHF,04/05/2024 04:33:02,Approved
91117471,584.88,MNT,04/05/2024 05:43:22,Finished
83830194,7.33,MXN,04/05/2024 03:04:24,Approved
56883505,581.69,QAR,04/05/2024 16:13:55,Finished
30958012,798.83,SBD,03/05/2024 21:21:53,Finished
90234789,667.34,KGS,04/05/2024 02:34:26,Failed
63230173,326.79,GTQ,04/05/2024 07:47:10,Approved
69692482,380.21,RWF,04/05/2024 01:40:00,Finished
95533066,501.79,DKK,04/05/2024 05:58:17,Finished
72984404,569.65,BRL,04/05/2024 10:56:58,Finished
03782970,488.21,BSD,04/05/2024 09:11:53,Finished
34085987,83.89,MYR,04/05/2024 14:13:23,Finished
50686632,37.77,DOP,04/05/2024 06:52:44,Finished
20096399,391.15,MYR,04/05/2024 09:37:16,Finished
51867561,432.11,AUD,04/05/2024 00:15:29,Approved
28217199,190.05,MVR,04/05/2024 09:43:22,Finished
09402769,709.59,HKD,04/05/2024 13:58:40,Finished
03983355,963.25,HUF,03/05/2024 22:36:40,Finished
31015632,21.68,RWF,03/05/2024 22:19:15,Finished
38577090,612.32,BIF,04/05/2024 09:15:32,Failed
17013368,695.15,SCR,04/05/2024 11:50:35,Approved
07385370,529.66,CNY,04/05/2024 09:56:27,Approved
63216088,638.95,SGD,04/05/2024 03:15:12,Failed
30829778,573.64,DZD,04/05/2024 13:26:16,Finished
38322345,610.63,AWG,04/05/2024 11:43:06,Failed
27103547,489.81,AMD,03/05/2024 16:56:05,Approved
92439425,541.12,UZS,04/05/2024 05:56:46,Failed
98882746,168.47,HTG,04/05/2024 04:07:49,Approved
71081790,960.80,KZT,04/05/2024 03:28:13,Finished
67219367,666.81,BOB,04/05/2024 16:33:43,Finished
82776778,156.57,BHD,03/05/2024 23:34:40,Failed
01770672,491.56,MAD,04/05/2024 11:55:23,Finished
77348812,938.56,KES,03/05/2024 17:31:50,Approved
36898942,363.68,WST,04/05/2024 10:03:00,Finished
95279942,935.43,GIP,03/05/2024 20:41:47,Finished
17506448,4.87,TJS,04/05/2024 09:01:14,Finished
88081871,514.16,MDL,04/05/2024 04:52:21,Approved
36648324,844.76,THB,04/05/2024 06:49:46,Failed
59712792,702.07,INR,04/05/2024 01:58:27,Finished
28682184,11.47,TOP,04/05/2024 12:49:53,Finished
54744489,975.87,TND,04/05/2024 05:41:09,Finished
75466928,109.54,ISK,03/05/2024 17:19:57,Approved
85235736,176.33,COP,04/05/2024 06:46:35,Approved
25083090,828.20,AWG,04/05/2024 03:03:02,Approved
32229457,217.60,KHR,04/05/2024 10:50:27,Finished
91231415,766.23,RWF,03/05/2024 23:49:05,Finished
41745744,117.44,TRY,03/05/2024 19:36:53,Finished
20619915,965.19,HTG,04/05/2024 01:09:48,Finished
14779557,688.56,LYD,04/05/2024 16:11:45,Approved
93300982,973.26,EUR,03/05/2024 23:07:35,Finished
06085130,881.84,ETB,03/05/2024 19:51:38,Finished
92758937,111.17,USD,03/05/2024 20:03:35,Finished
36436360,420.92,BAM,04/05/2024 07:33:39,Approved
17512878,674.87,LKR,04/05/2024 15:06:07,Finished
93762902,478.37,GIP,04/05/2024 08:21:45,Failed
57637204,714.30,ZMW,04/05/2024 09:44:27,Failed
95845251,192.07,KES,04/05/2024 11:23:54,Finished
18391351,638.48,MNT,04/05/2024 13:53:43,Failed
32055063,615.47,KRW,03/05/2024 21:17:44,Failed
20633808,305.26,CAD,04/05/2024 15:06:57,Finished
97751870,352.15,GYD,03/05/2024 18:57:15,Finished
49852037,366.84,VUV,04/05/2024 14:29:50,Finished
32604486,269.67,KRW,04/05/2024 08:18:46,Finished
39581315,939.49,IDR,04/05/2024 07:47:20,Approved
57051309,812.12,ISK,04/05/2024 14:21:10,Finished
55192485,631.60,CHF,03/05/2024 17:42:02,Failed
56064402,313.98,BWP,04/05/2024 05:16:10,Finished
53205131,506.58,EGP,04/05/2024 12:07:31,Approved
19743062,565.46,KPW,03/05/2024 19:14:23,Finished
82442162,636.84,RUB,04/05/2024 00:12:38,Finished
94786768,212.76,KES,04/05/2024 01:11:45,Finished
83989459,259.83,UAH,04/05/2024 08:49:02,Approved
97598853,506.93,TND,04/05/2024 08:27:48,Approved
54008158,24.28,SBD,03/05/2024 21:11:32,Approved
18044590,93.61,SBD,04/05/2024 15:15:14,Finished
88828844,427.49,PHP,04/05/2024 07:12:10,Failed
51707662,562.47,QAR,04/05/2024 06:55:52,Finished
37232264,762.44,CUP,04/05/2024 02:29:08,Finished
22197297,15.91,UYU,04/05/2024 10:51:17,Finished
75732056,585.59,TMT,03/05/2024 23:30:55,Failed
40403322,92.50,MOP,04/05/2024 01:19:38,Finished
63640443,122.55,CRC,04/05/2024 04:11:23,Failed
99403087,968.21,GBP,04/05/2024 09:56:15,Approved
89941353,813.53,CDF,04/05/2024 07:47:50,Approved
41750535,563.71,TND,04/05/2024 11:06:08,Failed
88719351,106.52,MUR,03/05/2024 18:20:59,Finished
81568589,776.08,AED,04/05/2024 03:07:06,Finished
64896229,691.49,BYN,04/05/2024 04:03:36,Finished
21082468,878.32,PEN,03/05/2024 20:53:30,Approved
16017720,271.80,CHF,04/05/2024 16:46:49,Finished
01161849,814.14,GYD,03/05/2024 21:20:00,Failed
95457148,49.84,VES,04/05/2024 14:53:53,Approved
24916427,706.27,AWG,04/05/2024 00:57:22,Failed
00337002,884.39,TMT,03/05/2024 18:29:16,Finished
82135676,887.98,CLP,04/05/2024 14:31:47,Finished
84235277,777.02,TND,04/05/2024 09:45:23,Failed
60209081,413.98,IDR,03/05/2024 19:43:45,Failed
74991424,93.73,PYG,04/05/2024 09:11:49,Failed
36654870,269.22,ZMW,04/05/2024 12:40:30,Failed
33424897,269.56,SCR,04/05/2024 08:22:46,Failed
26353852,278.36,NAD,04/05/2024 10:36:02,Finished
77921714,133.11,BMD,04/05/2024 00:25:19,Finished
24602585,316.11,BHD,04/05/2024 00:45:28,Finished
18372466,680.88,IQD,03/05/2024 20:32:33,Finished
12727054,650.16,TRY,04/05/2024 14:40:06,Approved
12417512,388.98,GIP,04/05/2024 04:52:40,Failed
90008995,267.27,XCD,03/05/2024 19:28:02,Finished
20704150,236.66,MYR,04/05/2024 00:19:33,Finished
19524986,481.47,DOP,03/05/2024 21:59:42,Failed
43387647,496.77,BDT,04/05/2024 02:58:22,Approved
80524612,702.11,BYN,03/05/2024 19:37:51,Failed
10459251,545.25,TOP,04/05/2024 15:18:18,Finished
59661498,196.15,NZD,04/05/2024 00:39:15,Failed
23112139,464.73,PYG,04/05/2024 11:12:14,Approved
77877479,269.64,TZS,04/05/2024 11:46:39,Failed
12310166,949.83,TZS,03/05/2024 22:41:36,Finished
10063899,312.83,KPW,03/05/2024 23:07:42,Finished
79593522,980.00,FJD,04/05/2024 15:14:49,Finished
21319777,265.37,SZL,04/05/2024 12:52:49,Finished
83750984,587.94,STN,04/05/2024 05:50:51,Finished
69083405,683.64,GEL,04/05/2024 07:16:34,Finished
40277405,281.12,MGA,04/05/2024 02:39:15,Failed
75607402,254.92,ZAR,04/05/2024 15:49:05,Approved
50920048,4.78,CDF,04/05/2024 02:07:09,Finished
16781589,206.18,QAR,04/05/2024 08:22:31,Finished
26854588,130.08,QAR,04/05/2024 04:51:12,Finished
74956015,759.78,UGX,04/05/2024 15:02:14,Finished
70845543,936.53,UAH,04/05/2024 16:49:34,Failed
08255050,371.29,MUR,04/05/2024 09:48:12,Failed
24863441,811.29,DKK,04/05/2024 02:07:55,Finished
49173049,990.59,ISK,04/05/2024 10:00:28,Approved
10222502,364.91,CVE,04/05/2024 09:59:41,Finished
80701788,109.59,AFN,03/05/2024 23:32:37,Approved
58019086,843.86,BZD,04/05/2024 07:57:32,Failed
20988400,373.28,PKR,03/05/2024 21:20:10,Failed
55297524,0.39,PGK,04/05/2024 11:16:36,Failed
92602968,686.94,SEK,04/05/2024 01:27:02,Finished
06278474,167.81,ARS,04/05/2024 09:39:44,Finished
51802017,381.87,SEK,03/05/2024 18:55:55,Finished
26110630,37.62,BMD,04/05/2024 02:50:08,Approved
60427253,702.35,AMD,04/05/2024 11:17:35,Approved
78557745,505.94,BOB,04/05/2024 15:49:53,Finished
42121844,576.22,WST,04/05/2024 08:35:43,Approved
16769777,77.06,AZN,03/05/2024 20:38:48,Approved
04489525,127.95,AMD,03/05/2024 22:32:05,Finished
92322710,963.24,BTN,04/05/2024 02:59:21,Failed
86340446,207.11,LYD,04/05/2024 04:22:22,Approved
51283503,420.40,CAD,04/05/2024 09:03:35,Failed
61844608,933.48,EGP,03/05/2024 21:25:43,Finished
39309036,635.80,DZD,03/05/2024 17:10:49,Approved
07302299,551.14,SRD,04/05/2024 15:32:21,Finished
71626797,874.61,KZT,03/05/2024 22:45:02,Finished
24162626,567.97,VUV,04/05/2024 00:54:56,Failed
52033391,695.51,KMF,04/05/2024 07:57:17,Finished
67270656,289.77,RUB,04/05/2024 05:16:08,Finished
91627013,479.66,LAK,04/05/2024 07:07:27,Finished
64203399,114.81,MOP,04/05/2024 12:01:50,Finished
20697176,381.04,ERN,03/05/2024 20:22:15,Failed
61798261,422.23,DOP,04/05/2024 16:05:21,Approved
52546630,554.88,DOP,04/05/2024 12:42:31,Finished
67078726,293.84,OMR,03/05/2024 19:35:42,Finished
88873793,771.81,MZN,04/05/2024 01:02:04,Failed
82794034,393.88,SGD,04/05/2024 15:21:16,Finished
37338085,963.06,ARS,04/05/2024 08:57:06,Approved
60612785,214.10,QAR,03/05/2024 22:53:00,Failed
17157457,442.92,MUR,03/05/2024 22:09:08,Finished
37839591,277.63,QAR,04/05/2024 06:52:06,Failed
74857075,883.41,BBD,04/05/2024 08:01:18,Finished
54516684,600.83,SGD,03/05/2024 17:33:00,Finished
77445799,618.50,GEL,03/05/2024 23:47:25,Finished
60332242,150.77,TJS,03/05/2024 20:59:48,Approved
73451085,639.07,LYD,03/05/2024 16:54:36,Finished
10240170,159.57,KYD,03/05/2024 19:40:07,Failed
44590568,227.61,TRY,04/05/2024 11:42:15,Finished
81810084,902.30,FKP,04/05/2024 04:32:30,Failed
60706047,573.45,PYG,04/05/2024 03:03:04,Failed
80277882,797.04,PAB,03/05/2024 21:26:37,Approved
84456872,769.77,SYP,03/05/2024 17:49:19,Failed
91584680,219.96,KRW,03/05/2024 22:26:06,Approved
15576343,864.55,HUF,04/05/2024 03:47:06,Finished
43480737,92.81,LKR,04/05/2024 03:15:11,Approved
67786915,750.25,LYD,04/05/2024 03:39:21,Failed
14042165,932.79,BIF,03/05/2024 17:37:58,Approved
74246621,750.69,BND,04/05/2024 12:50:51,Finished
74805408,448.89,BWP,03/05/2024 20:43:14,Failed
17057856,42.06,RUB,03/05/2024 17:11:29,Approved
55517897,60.75,STN,04/05/2024 08:27:51,Finished
22470309,300.89,BHD,03/05/2024 19:07:27,Finished
98740672,21.99,RWF,04/05/2024 12:46:58,Finished
03196570,371.08,KES,03/05/2024 23:16:48,Finished
83140338,403.88,CVE,04/05/2024 10:11:41,Approved
74378698,513.15,VND,04/05/2024 06:31:20,Finished
02298227,621.19,CDF,04/05/2024 04:56:54,Finished
03890165,972.00,ZAR,03/05/2024 23:48:13,Failed
39025276,358.84,HKD,04/05/2024 01:08:18,Approved
55089635,379.40,VND,03/05/2024 20:30:58,Failed
47476525,528.30,PHP,04/05/2024 00:46:58,Approved
55755080,879.17,GIP,04/05/2024 14:28:49,Failed
24002475,78.54,MWK,04/05/2024 13:06:20,Failed
77482268,886.94,MGA,04/05/2024 15:55:33,Finished
62628710,712.79,EUR,04/05/2024 14:20:05,Failed
09690900,36.95,SEK,04/05/2024 05:39:31,Finished
79952175,795.25,BHD,03/05/2024 19:53:41,Failed
30187959,414.65,YER,04/05/2024 15:25:15,Failed
09322444,923.62,AOA,04/05/2024 06:49:41,Finished
20823892,863.42,WST,04/05/2024 01:29:49,Finished
77116832,488.68,BBD,04/05/2024 11:25:09,Finished
92454474,122.19,MYR,04/05/2024 04:45:18,Finished
88653679,934.44,UGX,03/05/2024 19:21:14,Finished
79233456,381.05,COP,04/05/2024 05:53:26,Approved
73139071,864.73,TMT,03/05/2024 22:04:06,Finished
41922002,96.87,XPF,04/05/2024 12:00:38,Approved
57258503,745.90,LSL,03/05/2024 17:34:21,Approved
25697637,433.13,JOD,03/05/2024 23:12:10,Failed
11183729,306.98,GHS,04/05/2024 13:13:36,Approved
03953451,547.20,AFN,04/05/2024 06:01:11,Finished
72378505,574.89,NAD,04/05/2024 08:41:28,Failed
35316727,294.30,KPW,04/05/2024 09:58:35,Approved
02300386,721.82,MZN,04/05/2024 02:32:28,Finished
70966456,124.26,HUF,04/05/2024 07:07:06,Approved
51619321,663.15,LKR,04/05/2024 10:40:27,Failed
48973537,439.57,KMF,04/05/2024 15:51:08,Approved
38675489,641.19,ALL,04/05/2024 03:27:41,Approved
68049214,418.45,JPY,04/05/2024 09:44:32,Failed
50523595,751.27,LRD,03/05/2024 19:28:21,Finished
47534330,525.47,BWP,04/05/2024 12:14:43,Approved
29570945,996.71,MZN,03/05/2024 21:05:03,Failed
09612914,348.68,ALL,04/05/2024 00:34:35,Finished
59088449,856.78,GIP,04/05/2024 12:19:29,Finished
07574906,39.35,NGN,04/05/2024 14:34:52,Approved
09135544,979.77,LRD,04/05/2024 15:07:50,Approved
83578302,99.15,IDR,03/05/2024 20:06:51,Finished
51500761,847.67,STN,03/05/2024 16:55:18,Finished
43364323,226.10,HNL,04/05/2024 06:25:16,Finished
65667228,728.71,MGA,03/05/2024 21:44:33,Finished
51401301,463.83,AUD,04/05/2024 01:07:31,Failed
27324295,877.45,MYR,03/05/2024 19:51:05,Finished
90732486,166.24,CUP,03/05/2024 19:29:26,Finished
39256700,907.09,USD,04/05/2024 07:40:58,Approved
73737159,466.68,RWF,04/05/2024 01:20:20,Finished
64237093,815.10,IDR,03/05/2024 23:17:38,Finished
82021334,733.52,BTN,03/05/2024 17:20:51,Finished
74419534,641.69,SHP,04/05/2024 16:47:32,Failed
15263547,796.72,PKR,04/05/2024 10:06:44,Approved
01559645,257.19,PGK,03/05/2024 22:11:47,Finished
66059545,304.02,SHP,04/05/2024 00:52:00,Failed
22426217,467.22,LBP,03/05/2024 23:11:01,Approved
90008290,985.82,BAM,03/05/2024 18:19:14,Approved
13831733,361.16,THB,04/05/2024 10:06:49,Failed
34530530,583.22,BSD,04/05/2024 13:36:23,Finished
29380184,263.40,IDR,04/05/2024 06:58:26,Failed
47371480,681.40,HTG,04/05/2024 10:25:23,Failed
00142703,145.14,GIP,04/05/2024 05:25:40,Failed
98407653,976.25,MOP,04/05/2024 12:33:05,Approved
70349534,978.79,YER,03/05/2024 20:10:47,Finished
54031101,792.46,CDF,04/05/2024 15:03:13,Approved
76062420,564.61,HTG,04/05/2024 03:20:20,Finished
82681807,761.99,PAB,04/05/2024 03:58:29,Finished
58465049,445.69,AUD,04/05/2024 02:36:10,Finished
45089381,379.08,PLN,04/05/2024 03:42:43,Failed
96399107,745.80,JOD,03/05/2024 21:42:01,Failed
14155547,586.54,KWD,04/05/2024 13:39:14,Finished
24091772,26.40,KZT,04/05/2024 03:52:37,Finished
29845895,561.08,FJD,04/05/2024 03:20:17,Approved
36234129,70.87,RSD,04/05/2024 06:37:38,Finished
14782547,195.58,SLE,04/05/2024 00:29:19,Finished
87200822,627.64,LBP,04/05/2024 09:22:08,Approved
80893734,16.56,SCR,04/05/2024 03:38:10,Failed
16160512,155.93,CHF,04/05/2024 15:58:36,Finished
99653009,47.24,ZMW,03/05/2024 21:30:35,Finished
49131567,427.23,VND,04/05/2024 14:30:18,Failed
39002451,457.48,JMD,03/05/2024 22:22:53,Finished
10551511,409.90,GHS,04/05/2024 13:19:40,Failed
59459968,103.14,MYR,04/05/2024 02:15:29,Finished
48596712,359.53,BIF,04/05/2024 05:17:58,Finished
67225824,572.39,SGD,04/05/2024 08:36:48,Finished
82638517,185.19,CDF,04/05/2024 03:48:22,Failed
08583136,229.85,THB,04/05/2024 16:42:57,Failed
64733542,797.39,CAD,04/05/2024 01:17:21,Finished
00289983,325.22,LBP,03/05/2024 18:58:24,Failed
48262823,55.57,KYD,04/05/2024 06:20:14,Failed
99535529,46.40,XCD,04/05/2024 13:48:32,Finished
27889505,443.31,ZMW,04/05/2024 07:58:04,Failed
56693219,585.28,MDL,04/05/2024 16:01:45,Finished
80610358,128.97,HTG,04/05/2024 13:58:36,Finished
22796957,255.22,UYU,04/05/2024 04:23:59,Approved
99137088,669.46,FKP,04/05/2024 11:56:23,Finished
15591081,523.64,VUV,04/05/2024 09:50:03,Finished
53205928,219.05,SGD,04/05/2024 04:23:04,Finished
83680210,390.30,CUP,04/05/2024 09:09:32,Finished
83850021,388.35,SGD,04/05/2024 12:35:43,Failed
92107192,477.72,PEN,03/05/2024 21:17:14,Failed
45887593,336.60,BWP,03/05/2024 22:25:49,Approved
97828990,290.68,SHP,04/05/2024 06:15:54,Finished
18843991,203.85,BHD,04/05/2024 08:26:16,Finished
62926832,40.04,CVE,04/05/2024 08:51:59,Failed
45778401,76.73,CNY,04/05/2024 10:03:56,Finished
58564986,727.35,XAF,04/05/2024 13:33:55,Approved
20583780,419.33,XOF,03/05/2024 18:14:26,Finished
11448401,279.23,KES,04/05/2024 11:57:43,Approved
90488583,103.96,ANG,04/05/2024 08:25:47,Finished
46899237,781.95,TND,03/05/2024 20:13:10,Finished
28146955,154.57,DZD,03/05/2024 23:00:59,Finished
34610058,733.43,TTD,04/05/2024 08:31:56,Finished
77454328,741.06,IRR,03/05/2024 18:49:07,Finished
45917530,233.10,LRD,04/05/2024 08:12:50,Finished
41487087,59.07,NAD,04/05/2024 05:57:17,Finished
41425197,330.32,LSL,03/05/2024 18:03:12,Finished
24587382,781.70,BOB,03/05/2024 17:39:01,Finished
50986911,30.66,MAD,03/05/2024 22:34:11,Approved
65221964,749.46,TTD,04/05/2024 03:25:47,Finished
64498154,894.84,MUR,03/05/2024 23:04:32,Finished
50708017,429.80,MDL,03/05/2024 20:12:15,Finished
08114214,726.15,GIP,03/05/2024 17:25:59,Approved
42911570,582.86,PYG,03/05/2024 21:49:37,Finished
55994492,918.28,VUV,04/05/2024 06:39:20,Approved
45074817,335.92,BTN,04/05/2024 10:02:53,Finished
65406885,832.78,KES,04/05/2024 02:46:30,Finished
40490645,403.04,LSL,04/05/2024 11:59:30,Failed
86649936,416.93,BND,04/05/2024 04:21:17,Finished
39528673,206.51,RON,03/05/2024 21:37:30,Failed
72713464,652.29,MXN,04/05/2024 13:56:35,Finished
92316890,674.87,KES,03/05/2024 18:18:18,Finished
63147343,318.57,NZD,03/05/2024 22:05:35,Finished
77902653,772.13,BSD,04/05/2024 04:26:10,Finished
20968854,538.05,COP,03/05/2024 20:40:09,Finished
99834787,225.60,AWG,04/05/2024 03:51:22,Approved
37121696,194.99,NZD,04/05/2024 01:13:50,Finished
25511024,400.52,KES,03/05/2024 23:52:06,Failed
94497817,100.57,ZMW,04/05/2024 06:04:26,Finished
77218227,83.80,FKP,04/05/2024 04:30:59,Finished
01737298,663.17,THB,04/05/2024 04:58:02,Finished
03561286,576.15,RSD,04/05/2024 11:43:06,Finished
76316879,86.57,XOF,04/05/2024 04:34:22,Finished
13673967,48.55,GMD,03/05/2024 20:01:14,Failed
48702236,763.78,UYU,03/05/2024 20:20:47,Finished
49965304,452.86,UAH,04/05/2024 12:58:44,Finished
72392781,817.80,NIO,04/05/2024 08:34:51,Finished
40081372,566.13,BRL,03/05/2024 21:04:15,Failed
55785456,184.61,RUB,04/05/2024 03:45:46,Failed
24551511,764.79,MMK,04/05/2024 15:07:37,Failed
34811735,113.96,NIO,03/05/2024 19:47:30,Finished
14294062,344.70,KYD,04/05/2024 11:42:16,Approved
35599135,362.20,UAH,03/05/2024 23:52:44,Finished
23329266,828.81,TRY,04/05/2024 16:04:06,Finished
17725098,495.63,THB,04/05/2024 07:36:36,Failed
18537793,137.62,RUB,04/05/2024 16:38:03,Finished
49136768,409.63,SGD,04/05/2024 00:34:32,Finished
11830011,980.61,GYD,03/05/2024 19:13:10,Approved
91904698,237.41,MZN,04/05/2024 15:38:24,Approved
59305546,483.13,GTQ,04/05/2024 03:08:48,Finished
94288175,79.21,OMR,03/05/2024 20:46:45,Approved
37330925,687.95,BAM,03/05/2024 20:24:01,Finished
21321684,717.03,BBD,04/05/2024 00:01:01,Finished
68878567,288.78,PEN,04/05/2024 07:09:14,Finished
03916995,302.09,CUP,03/05/2024 18:09:10,Finished
87850030,122.32,SYP,03/05/2024 18:26:28,Finished
52464752,544.51,TRY,03/05/2024 18:49:04,Finished
85733774,145.18,MZN,03/05/2024 20:10:59,Finished
70795540,226.63,ARS,03/05/2024 21:25:13,Failed
97549028,517.76,LBP,04/05/2024 08:57:09,Finished
92226477,32.22,DKK,03/05/2024 17:15:15,Failed
06671555,93.34,BTN,03/05/2024 22:04:47,Finished
70520304,180.97,KWD,03/05/2024 17:29:59,Finished
29732823,257.86,SLE,04/05/2024 09:41:57,Finished
05925560,538.26,SOS,04/05/2024 15:46:34,Finished
47586256,55.07,CNY,04/05/2024 01:56:46,Failed
52528444,603.57,UZS,04/05/2024 13:51:42,Finished
29850012,823.39,MVR,04/05/2024 11:19:27,Failed
20709019,747.50,PGK,04/05/2024 13:27:22,Finished
39388369,333.57,XAF,04/05/2024 16:18:35,Finished
38995370,345.39,YER,04/05/2024 05:46:27,Approved
25843609,688.99,QAR,04/05/2024 13:05:22,Finished
71075248,997.47,PHP,04/05/2024 13:36:12,Finished
61091094,806.67,NGN,04/05/2024 10:57:25,Failed
80085508,970.91,PKR,04/05/2024 02:50:03,Finished
52348652,17.09,SSP,04/05/2024 12:23:27,Finished
47012124,0.60,MWK,04/05/2024 00:11:57,Approved
77898912,890.04,KMF,04/05/2024 01:01:53,Failed
66519829,786.89,SGD,04/05/2024 04:56:32,Finished
86260502,899.64,GHS,04/05/2024 01:26:27,Approved
76505036,782.64,MOP,03/05/2024 22:39:50,Approved
72957393,590.28,ZAR,04/05/2024 01:57:59,Finished
68300778,710.19,SEK,04/05/2024 14:55:54,Finished
15625110,55.95,NOK,04/05/2024 02:09:17,Finished
07215508,408.91,BYN,04/05/2024 16:20:44,Failed
15975662,377.77,ILS,03/05/2024 22:30:49,Finished
86914776,708.96,GYD,03/05/2024 17:59:51,Approved
28520591,945.26,BTN,04/05/2024 04:48:24,Failed
52752036,288.60,JMD,04/05/2024 03:53:50,Finished
98320561,495.03,LBP,04/05/2024 09:42:44,Finished
48848116,685.14,NAD,03/05/2024 16:53:05,Failed
79753211,864.33,SLE,04/05/2024 02:10:49,Failed
30777063,207.26,KZT,03/05/2024 19:34:33,Finished
76360090,793.85,CZK,04/05/2024 04:51:45,Finished
41673509,301.97,KRW,04/05/2024 10:55:04,Failed
92734373,302.65,LBP,04/05/2024 04:10:24,Finished
20254105,853.29,UAH,03/05/2024 18:50:12,Failed
21418328,610.71,MRU,04/05/2024 06:13:09,Finished
31754649,992.03,YER,03/05/2024 17:44:06,Finished
26296945,718.76,GMD,03/05/2024 23:13:32,Finished
76239349,83.92,BBD,04/05/2024 14:08:24,Failed
52529792,465.40,CZK,04/05/2024 11:52:23,Failed
57306654,843.18,CDF,04/05/2024 13:40:00,Finished
23556447,900.60,LBP,03/05/2024 21:22:55,Finished
54453111,937.25,HNL,04/05/2024 11:11:58,Finished
14574607,575.57,DZD,04/05/2024 00:03:49,Approved
46031319,583.46,BBD,04/05/2024 14:47:10,Failed
36104663,359.54,MAD,03/05/2024 19:19:30,Approved
47958016,103.96,MAD,04/05/2024 13:38:27,Finished
66697552,675.36,SRD,04/05/2024 00:20:47,Finished
34654563,934.62,EGP,04/05/2024 06:30:33,Approved
59325684,283.65,BND,03/05/2024 20:48:11,Approved
51294017,912.40,BYN,04/05/2024 15:26:15,Approved
64163418,499.51,SDG,04/05/2024 01:33:44,Finished
82467357,972.27,SSP,04/05/2024 13:57:19,Finished
86837240,527.21,PHP,03/05/2024 17:10:46,Failed
96784554,804.56,QAR,04/05/2024 10:11:01,Approved
22285592,237.73,ZWL,03/05/2024 21:35:25,Finished
05572322,391.97,AUD,04/05/2024 03:58:39,Approved
74901638,162.74,LSL,03/05/2024 20:44:57,Finished
06807780,889.92,PGK,04/05/2024 13:12:35,Finished
50322105,515.18,NGN,04/05/2024 16:22:16,Finished
89204561,1.49,XPF,04/05/2024 14:06:38,Finished
47648641,926.86,CAD,04/05/2024 02:29:29,Finished
04632201,735.75,ANG,04/05/2024 03:34:57,Failed
72063320,569.00,MVR,04/05/2024 04:35:05,Finished
72145067,459.87,KES,04/05/2024 03:26:13,Finished
95703747,712.83,DZD,04/05/2024 14:34:45,Approved
65141568,167.10,VES,03/05/2024 22:28:31,Approved
76395566,811.47,DJF,04/05/2024 11:59:35,Failed
69854344,514.25,MRU,03/05/2024 18:17:05,Approved
08544834,669.92,BGN,03/05/2024 22:21:43,Finished
54002609,327.78,PLN,04/05/2024 05:35:42,Approved
78584267,17.41,ARS,04/05/2024 00:08:55,Approved
39576216,250.27,KHR,04/05/2024 02:56:13,Failed
23243193,869.21,HUF,04/05/2024 04:29:30,Approved
01841167,835.38,MXN,03/05/2024 17:40:24,Finished
16568856,730.05,HTG,03/05/2024 21:58:39,Finished
82608366,944.64,GMD,04/05/2024 01:43:31,Finished
87513386,432.38,CUP,04/05/2024 13:47:29,Finished
97815669,997.73,DOP,04/05/2024 12:57:25,Finished
59385315,440.74,LYD,04/05/2024 05:45:12,Finished
56685079,580.90,IDR,04/05/2024 06:11:38,Failed
43482225,457.39,VND,04/05/2024 06:25:23,Finished
76406619,824.06,NIO,04/05/2024 00:22:43,Finished
72316528,221.00,PLN,04/05/2024 11:00:34,Finished
27478290,632.46,BTN,04/05/2024 13:35:41,Finished
49983369,935.14,LYD,04/05/2024 05:46:19,Approved
51949191,513.63,SAR,04/05/2024 01:28:23,Approved
57166839,130.73,TTD,04/05/2024 11:40:06,Finished
34909481,461.86,ERN,04/05/2024 05:39:13,Finished
77059369,299.28,KYD,03/05/2024 19:00:58,Approved
53021709,216.19,GHS,04/05/2024 15:35:40,Finished
59054027,559.72,HNL,04/05/2024 06:17:36,Failed
80332592,466.36,SDG,04/05/2024 16:09:09,Approved
09532714,195.53,BWP,03/05/2024 22:57:16,Finished
96198971,556.84,VUV,04/05/2024 15:13:12,Approved
79887752,631.61,HKD,04/05/2024 06:20:55,Failed
31267494,621.52,ARS,04/05/2024 04:00:23,Finished
82023435,31.09,NAD,04/05/2024 04:21:00,Finished
94715462,785.24,BTN,04/05/2024 10:33:44,Finished
22656601,855.70,DZD,04/05/2024 13:21:02,Failed
56540748,533.74,KMF,04/05/2024 00:15:06,Finished
97062255,290.23,MMK,04/05/2024 06:44:43,Failed
91039862,498.58,BYN,04/05/2024 05:40:33,Finished
57271167,988.48,THB,04/05/2024 04:26:21,Failed
62542655,957.88,DOP,04/05/2024 00:12:37,Finished
08336851,121.33,AMD,03/05/2024 18:21:12,Approved
36767322,662.63,SOS,04/05/2024 04:16:04,Finished
11765020,418.06,LKR,04/05/2024 00:29:25,Approved
98567532,511.56,HTG,03/05/2024 20:47:17,Approved
95118398,450.46,GTQ,04/05/2024 09:26:14,Finished
90299546,92.23,XPF,04/05/2024 13:32:45,Finished
49072770,785.33,SZL,03/05/2024 21:22:08,Finished
04748302,391.33,EGP,03/05/2024 20:03:17,Finished
98905731,589.27,ZAR,04/05/2024 02:31:29,Finished
66528139,244.01,YER,04/05/2024 16:20:12,Finished
24112286,731.60,NIO,04/05/2024 10:59:13,Failed
75564121,310.73,ZMW,04/05/2024 14:55:35,Failed
26683582,661.16,NZD,04/05/2024 01:50:39,Approved
47698833,342.75,HUF,03/05/2024 20:27:37,Finished
59941529,862.46,HNL,04/05/2024 14:26:26,Finished
43866748,165.20,MNT,04/05/2024 03:36:32,Failed
92830374,976.62,LKR,04/05/2024 12:11:15,Failed
93218013,514.10,UZS,04/05/2024 08:05:31,Failed
60195108,425.65,IDR,04/05/2024 04:26:58,Failed
81780067,660.00,TTD,03/05/2024 23:12:43,Finished
52166266,250.10,CDF,03/05/2024 18:04:12,Finished
48886466,549.40,TOP,04/05/2024 01:17:13,Finished
89766303,8.69,MWK,04/05/2024 08:13:25,Finished
08560449,377.61,AOA,03/05/2024 17:50:58,Finished
05038475,935.85,GHS,04/05/2024 14:57:02,Finished
68543661,918.08,UYU,04/05/2024 15:19:36,Finished
66264989,121.73,NZD,03/05/2024 20:35:50,Approved
47909344,297.92,UAH,04/05/2024 11:31:32,Failed
21747591,83.31,GHS,04/05/2024 11:32:38,Finished
98575235,703.79,KES,04/05/2024 04:50:03,Approved
48510459,132.96,ERN,04/05/2024 05:48:51,Approved
08883844,742.06,TMT,04/05/2024 13:05:23,Finished
54503464,794.49,BAM,04/05/2024 05:36:14,Finished
60994115,543.23,QAR,04/05/2024 06:30:28,Failed
79791940,266.82,RSD,03/05/2024 17:54:58,Failed
92464271,595.98,USD,04/05/2024 10:36:38,Finished
43896752,876.76,SDG,04/05/2024 10:11:52,Approved
93138373,864.06,PGK,04/05/2024 02:47:26,Finished
22468870,173.51,ARS,03/05/2024 17:00:56,Approved
09367599,142.12,ZWL,03/05/2024 18:39:06,Finished
25514282,138.57,GNF,04/05/2024 12:14:51,Finished
59298952,911.76,PLN,03/05/2024 22:29:04,Failed
40660568,984.05,BAM,04/05/2024 13:57:47,Failed
40096704,455.27,AMD,04/05/2024 11:34:08,Finished
88686459,250.44,CUP,03/05/2024 21:15:07,Finished
87415665,727.61,BMD,04/05/2024 02:38:48,Failed
81865585,202.94,KPW,04/05/2024 06:54:06,Finished
63137047,378.99,SCR,04/05/2024 05:59:03,Approved
36209170,333.94,XPF,04/05/2024 12:46:16,Approved
10787800,116.59,IQD,03/05/2024 18:53:50,Finished
83271184,26.17,SCR,04/05/2024 01:33:22,Finished
14641831,122.08,MDL,04/05/2024 09:56:18,Finished
17406131,952.96,XCD,03/05/2024 22:42:42,Failed
50523256,757.81,EGP,04/05/2024 16:47:06,Finished
45968621,736.24,MDL,04/05/2024 02:47:29,Failed
52676808,416.84,SYP,04/05/2024 12:02:43,Finished
76284986,783.07,AUD,03/05/2024 20:19:43,Failed
46900595,348.63,KPW,03/05/2024 21:19:15,Failed
90846063,973.58,MGA,04/05/2024 05:39:57,Failed
16048101,950.83,KHR,04/05/2024 03:09:02,Finished